{
  "stack": "plan",
  "llm_backend": "groq:llama-3.1-8b-instant",
  "plan_fallback": [],
  "sample_size": 20,
  "seed": 42,
  "pipelines": {
    "V-RAG": {
      "mean_f1": 0.5412301587301587,
      "std_f1": 0.46019856667909625
    },
    "GQE-RAG(n=2)": {
      "mean_f1": 0.5159821428571428,
      "std_f1": 0.46083175239761537
    },
    "SP-GQE(n=2,\u03c4=0.5)": {
      "mean_f1": 0.5428571428571428,
      "std_f1": 0.47509397566616823
    },
    "SP-GQE-i(n=3,\u03c4=0.5)": {
      "mean_f1": 0.4711904761904762,
      "std_f1": 0.4558251718604265
    },
    "GR-RAG": {
      "mean_f1": 0.5287301587301587,
      "std_f1": 0.4712029549374118
    },
    "GF-RAG": {
      "mean_f1": 0.49948841698841695,
      "std_f1": 0.4646117152907903
    }
  },
  "retrieval_precision_at_k": {
    "V-RAG": 0.76,
    "GQE-RAG(n=2)": 0.6900000000000001,
    "SP-GQE(n=2,\u03c4=0.5)": 0.7,
    "SP-GQE-i(n=3,\u03c4=0.5)": 0.71,
    "GR-RAG": 0.76,
    "GF-RAG": 0.72
  },
  "heatmap": {
    "n_hops": [
      1,
      2,
      3
    ],
    "tau": [
      0.3,
      0.4,
      0.5,
      0.6,
      0.7
    ],
    "mean_f1_grid": [
      [
        0.5373015873015873,
        0.4795238095238095,
        0.45134920634920633,
        0.4795238095238095,
        0.5152380952380953
      ],
      [
        0.5458874458874459,
        0.5016017316017316,
        0.5428571428571428,
        0.5165608465608466,
        0.5016017316017316
      ],
      [
        0.6154761904761904,
        0.5128571428571429,
        0.44857142857142857,
        0.4628571428571429,
        0.4665608465608465
      ]
    ],
    "mean_retrieval_p_at_k_grid": [
      [
        0.72,
        0.7100000000000001,
        0.72,
        0.72,
        0.71
      ],
      [
        0.7,
        0.7,
        0.7,
        0.7,
        0.7
      ],
      [
        0.71,
        0.71,
        0.7099999999999999,
        0.7,
        0.71
      ]
    ]
  },
  "literature": [
    {
      "system": "Vanilla RAG (DPR-style dense retriever + reader)",
      "ref": "Lewis et al., NeurIPS 2020; follow-up retrieval stacks",
      "setting": "Open-domain QA / multi-hop settings vary",
      "hotpot_f1": "~58\u201362 (representative strong dense-pipeline range on dev)*",
      "notes": "Depends on reader; HotpotQA distractor is harder than full-wiki."
    },
    {
      "system": "Microsoft GraphRAG (community summaries)",
      "ref": "Edge et al., 2024; msft graphrag",
      "setting": "Corpus-specific graph; not identical to HotpotQA distractor",
      "hotpot_f1": "N/A (different task mix; strong on global queries)",
      "notes": "Heavy offline indexing; not directly comparable sample-for-sample."
    },
    {
      "system": "HybGRAG",
      "ref": "arXiv:2412.16311 (ACL 2025)",
      "setting": "STaRK + hybrid textual/relational retrieval",
      "hotpot_f1": "Reports large gains on STaRK Hit@1; HotpotQA not primary table",
      "notes": "Demonstrates hybrid retrieval > single-modality."
    },
    {
      "system": "SubgraphRAG",
      "ref": "ICLR 2025; arXiv:2410.20724",
      "setting": "KG subgraph retrieval with lightweight scorer",
      "hotpot_f1": "Strong on KG-QA benchmarks in paper; architecture-specific",
      "notes": "Trained scorer vs our training-free pruning."
    },
    {
      "system": "RAG vs GraphRAG systematic study",
      "ref": "arXiv:2502.11371 (Feb 2025)",
      "setting": "Text benchmarks incl. multi-hop QA",
      "hotpot_f1": "Neither RAG nor GraphRAG universally dominates",
      "notes": "Motivates hybrid / query-aware graph use (aligned with SP-GQE)."
    },
    {
      "system": "SP-GQE (this work)",
      "ref": "Repository experiments",
      "setting": "HotpotQA distractor dev subset + co-occurrence KG + extractive answer",
      "hotpot_f1": "See results/run_summary.json \u2014 relative trends > absolute SOTA",
      "notes": "Prototype stack: meant for ablations vs baselines under identical code."
    }
  ]
}